,accuracy,precision_macro,recall_macro,f1_macro
test,0.9666666666666667,0.9696969696969697,0.9666666666666667,0.9665831244778612
